Epoch,Loss,Accuracy,Alpha,Beta,Layer Selected
2,1.3036060184240341,0.6141741071428571,0.1,0.5,1
