Epoch,Loss,Accuracy,Alpha,Beta,Layer Selected
9,0.569802517965436,0.8377901785714286,0.01,0.99,1
