Epoch,Loss,Accuracy,Alpha,Beta,Layer Selected
1,1.2025881963968277,0.5023660714285715,0.1,0.5,1
