Epoch,Loss,Accuracy,Alpha,Beta,Layer Selected
1,1.5564485582709313,0.4753348214285714,0.01,0.99,1
