Epoch,Loss,Accuracy,Alpha,Beta,Layer Selected
4,0.9007998158037662,0.6901339285714285,0.01,0.99,1
