Epoch,Loss,Accuracy,Alpha,Beta,Layer Selected
7,0.6331380569934845,0.7829464285714286,0.01,0.99,1
