Epoch,Loss,Accuracy,Alpha,Beta,Layer Selected
18,0.18087585309986026,0.9645982142857142,0.01,0.99,1
