Epoch,Loss,Accuracy,Alpha,Beta,Layer Selected
19,0.10072482792194933,0.9697991071428571,0.01,0.99,1
