Epoch,Loss,Accuracy,Alpha,Beta,Layer Selected
16,0.1626558333542198,0.9502901785714286,0.01,0.99,1
