Epoch,Loss,Accuracy,Alpha,Beta,Layer Selected
8,0.706794339120388,0.8095758928571428,0.01,0.99,1
