Epoch,Loss,Accuracy,Alpha,Beta,Layer Selected
14,0.1827336381934583,0.9356026785714285,0.01,0.99,1
