Epoch,Loss,Accuracy,Alpha,Beta,Layer Selected
12,0.3569362871348858,0.8980357142857143,0.01,0.99,1
